Product ID,Name,Brand,G/W Tyre profile info,G/W Cart & Invoice info.
218,ACELERE,Apollo,5 years warranty from Invoice date.,5 years warranty from Invoice date.
221,ACTIGRIP R1,Apollo,5 years warranty from Invoice date.,5 years warranty from Invoice date.
231,ACTIGRIP R2,Apollo,5 years warranty from Invoice date.,5 years warranty from Invoice date.
237,ACTIGRIP S3,Apollo,5 years warranty from Invoice date.,5 years warranty from Invoice date.
241,ACTIGRIP S4,Apollo,5 years warranty from Invoice date.,5 years warranty from Invoice date.
244,ACTISTEER F1,Apollo,5 years warranty from Invoice date.,5 years warranty from Invoice date.
250,ACTIZIP F2,Apollo,5 years warranty from Invoice date.,5 years warranty from Invoice date.
258,ACTIZIP F3,Apollo,5 years warranty from Invoice date.,5 years warranty from Invoice date.
261,ACTIZIP R3,Apollo,5 years warranty from Invoice date.,5 years warranty from Invoice date.
270,ACTIZIP S1,Apollo,5 years warranty from Invoice date.,5 years warranty from Invoice date.
273,ACTIZIP S2,Apollo,5 years warranty from Invoice date.,5 years warranty from Invoice date.
277,ALNAC,Apollo,5 years warranty from Invoice date.,5 years warranty from Invoice date.
286,ALNAC 4G,Apollo,5 years warranty from Invoice date.,5 years warranty from Invoice date.
298,ALNAC 4GS,Apollo,5 years warranty from Invoice date.,5 years warranty from Invoice date.
306,ALTRUST,Apollo,5 years warranty from Invoice date.,5 years warranty from Invoice date.
312,AMAZER 3G,Apollo,5 years warranty from Invoice date.,5 years warranty from Invoice date.
321,AMAZER 3G MAXX,Apollo,5 years warranty from Invoice date.,5 years warranty from Invoice date.
335,AMAZER 4G,Apollo,5 years warranty from Invoice date.,5 years warranty from Invoice date.
346,AMAZER 4G LIFE,Apollo,"2 year guarantee from Invoice date.<br>
3 year warranty from Invoice date.",2 year Guarantee and 3 year warranty from Invoice date.
367,AMAZER XL,Apollo,5 years warranty from Invoice date.,5 years warranty from Invoice date.
399,APTERRA AT,Apollo,5 years warranty from Invoice date.,5 years warranty from Invoice date.
406,APTERRA H/L,Apollo,5 years warranty from Invoice date.,5 years warranty from Invoice date.
412,APTERRA HP,Apollo,5 years warranty from Invoice date.,5 years warranty from Invoice date.
419,APTERRA H/T,Apollo,5 years warranty from Invoice date.,5 years warranty from Invoice date.
432,APTERRA H/T2,Apollo,5 years warranty from Invoice date.,5 years warranty from Invoice date.
441,ASPIRE,Apollo,5 years warranty from Invoice date.,5 years warranty from Invoice date.
453,ASPIRE 4G,Apollo,5 years warranty from Invoice date.,5 years warranty from Invoice date.
468,MANCHESTER UNITED,Apollo,5 years warranty from Invoice date.,5 years warranty from Invoice date.
471,QUANTUM,Apollo,5 years warranty from Invoice date.,5 years warranty from Invoice date.
476,QUANTUM PLUS,Apollo,5 years warranty from Invoice date.,5 years warranty from Invoice date.
480,TRI STAR,Apollo,5 years warranty from Invoice date.,5 years warranty from Invoice date.
311,AMAR DELUXE,Apollo,5 years warranty from Invoice date.,5 years warranty from Invoice date.
599,EXCELLENCE,GOODYEAR,5 year warranty from Invoice date.,5 year warranty from Invoice date.
607,EAG F1 DIR 5,GOODYEAR,5 year warranty from Invoice date.,5 year warranty from Invoice date.
613,EAGLE NCT5,GOODYEAR,5 year warranty from Invoice date.,5 year warranty from Invoice date.
622,ASSURANCE TRIPLEMAX,GOODYEAR,5 year warranty from Invoice date.,5 year warranty from Invoice date.
639,ASSURANCE ARMORGRIP,GOODYEAR,5 year warranty from Invoice date.,5 year warranty from Invoice date.
642,ASSURANCE DURAPLUS,GOODYEAR,5 year warranty from Invoice date.,5 year warranty from Invoice date.
651,DURAPLUS,GOODYEAR,5 year warranty from Invoice date.,5 year warranty from Invoice date.
665,DP,GOODYEAR,5 year warranty from Invoice date.,5 year warranty from Invoice date.
675,DUCARO HI MILER,GOODYEAR,5 year warranty from Invoice date.,5 year warranty from Invoice date.
686,GT 3,GOODYEAR,5 year warranty from Invoice date.,5 year warranty from Invoice date.
689,EFFICIENCT GRIP SUV,GOODYEAR,5 year warranty from Invoice date.,5 year warranty from Invoice date.
696,EFFICIENT GRIP SUV AO,GOODYEAR,5 year warranty from Invoice date.,5 year warranty from Invoice date.
699,WRL F1 (WRL-2) XL FP,GOODYEAR,5 year warranty from Invoice date.,5 year warranty from Invoice date.
702,WRL AT/SA,GOODYEAR,5 year warranty from Invoice date.,5 year warranty from Invoice date.
716,WRL AT/SA OWL,GOODYEAR,5 year warranty from Invoice date.,5 year warranty from Invoice date.
719,WRL HP,GOODYEAR,5 year warranty from Invoice date.,5 year warranty from Invoice date.
723,EAGLE F1 GSD3,GOODYEAR,5 year warranty from Invoice date.,5 year warranty from Invoice date.
733,EFFICIENCT GRIP,GOODYEAR,5 year warranty from Invoice date.,5 year warranty from Invoice date.
741,99V EAGLE RS-A,GOODYEAR,5 year warranty from Invoice date.,5 year warranty from Invoice date.
744,ASSURANCE 81H,GOODYEAR,5 year warranty from Invoice date.,5 year warranty from Invoice date.
747,DUCARO D1,GOODYEAR,5 year warranty from Invoice date.,5 year warranty from Invoice date.
750,EAGLE LS-2 AO (ISI),GOODYEAR,5 year warranty from Invoice date.,5 year warranty from Invoice date.
753,GPS-2,GOODYEAR,5 year warranty from Invoice date.,5 year warranty from Invoice date.
757,WRL D-SPORT,GOODYEAR,5 year warranty from Invoice date.,5 year warranty from Invoice date.
760,WRL RTS,GOODYEAR,5 year warranty from Invoice date.,5 year warranty from Invoice date.
765,BLAZE BA11,Cavendish,5 year warranty from Invoice date.,5 year warranty from Invoice date.
768,BLAZE BA21,Cavendish,5 year warranty from Invoice date.,5 year warranty from Invoice date.
773,BLAZE BF11,Cavendish,5 year warranty from Invoice date.,5 year warranty from Invoice date.
781,BLAZE BR21,Cavendish,5 year warranty from Invoice date.,5 year warranty from Invoice date.
791,BLAZE BR31,Cavendish,5 year warranty from Invoice date.,5 year warranty from Invoice date.
794,BLAZE  BR11,Cavendish,5 year warranty from Invoice date.,5 year warranty from Invoice date.
800,CHALLENGER F81,Cavendish,5 year warranty from Invoice date.,5 year warranty from Invoice date.
803,CHALLENGER F82,Cavendish,5 year warranty from Invoice date.,5 year warranty from Invoice date.
806,CHALLENGER F21,Cavendish,5 year warranty from Invoice date.,5 year warranty from Invoice date.
810,CHALLENGER R42,Cavendish,5 year warranty from Invoice date.,5 year warranty from Invoice date.
816,CHALLENGER R43,Cavendish,5 year warranty from Invoice date.,5 year warranty from Invoice date.
823,CHALLENGER R45,Cavendish,5 year warranty from Invoice date.,5 year warranty from Invoice date.
828,CHALLENGER S61,Cavendish,5 year warranty from Invoice date.,5 year warranty from Invoice date.
832,CHALLENGER S63,Cavendish,5 year warranty from Invoice date.,5 year warranty from Invoice date.
836,JUMBO MILES,Cavendish,5 year warranty from Invoice date.,5 year warranty from Invoice date.
851,RANGER A/T,JK,"3 year guarantee from Invoice date.<br>
2 year warranty from Invoice date.",3 year guarantee and 2 year warranty from Invoice date.
861,UX ROYALE,JK,"3 year guarantee from Invoice date.<br>
2 year warranty from Invoice date.",3 year guarantee and 2 year warranty from Invoice date.
880,RANGER H/T,JK,"3 year guarantee from Invoice date.<br>
2 year warranty from Invoice date.",3 year guarantee and 2 year warranty from Invoice date.
896,ELANZO TOURING,JK,"3 year guarantee from Invoice date.<br>
2 year warranty from Invoice date.",3 year guarantee and 2 year warranty from Invoice date.
903,TAXIMAX,JK,"3 year guarantee from Invoice date.<br>
2 year warranty from Invoice date.",3 year guarantee and 2 year warranty from Invoice date.
909,ULTIMA NEO,JK,"3 year guarantee from Invoice date.<br>
2 year warranty from Invoice date.",3 year guarantee and 2 year warranty from Invoice date.
918,ULTIMA LXT,JK,"3 year guarantee from Invoice date.<br>
2 year warranty from Invoice date.",3 year guarantee and 2 year warranty from Invoice date.
928,ULTIMA SPORT,JK,"3 year guarantee from Invoice date.<br>
2 year warranty from Invoice date.",3 year guarantee and 2 year warranty from Invoice date.
938,VECTRA,JK,"3 year guarantee from Invoice date.<br>
2 year warranty from Invoice date.",3 year guarantee and 2 year warranty from Invoice date.
961,BRUTE,JK,"3 year guarantee from Invoice date.<br>
2 year warranty from Invoice date.",3 year guarantee and 2 year warranty from Invoice date.
968,BRUTE  4 X 4,JK,"3 year guarantee from Invoice date.<br>
2 year warranty from Invoice date.",3 year guarantee and 2 year warranty from Invoice date.
969,BRUTE RADIAL,JK,"3 year guarantee from Invoice date.<br>
2 year warranty from Invoice date.",3 year guarantee and 2 year warranty from Invoice date.
974,UX1,JK,"3 year guarantee from Invoice date.<br>
2 year warranty from Invoice date.",3 year guarantee and 2 year warranty from Invoice date.
982,ELANZO NXT,JK,"3 year guarantee from Invoice date.<br>
2 year warranty from Invoice date.",3 year guarantee and 2 year warranty from Invoice date.
987,ULTIMA XPC,JK,"3 year guarantee from Invoice date.<br>
2 year warranty from Invoice date.",3 year guarantee and 2 year warranty from Invoice date.
1006,ULTIMA XPC1,JK,"3 year guarantee from Invoice date.<br>
2 year warranty from Invoice date.",3 year guarantee and 2 year warranty from Invoice date.
1012,JUMBO KING,JK,"3 year guarantee from Invoice date.<br>
2 year warranty from Invoice date.",3 year guarantee and 2 year warranty from Invoice date.
1016,JUMBO ACE,JK,"3 year guarantee from Invoice date.<br>
2 year warranty from Invoice date.",3 year guarantee and 2 year warranty from Invoice date.
1021,JUMBO MAGIC,JK,"3 year guarantee from Invoice date.<br>
2 year warranty from Invoice date.",3 year guarantee and 2 year warranty from Invoice date.
1026,ELANZO SUPRA,JK,"3 year guarantee from Invoice date.<br>
2 year warranty from Invoice date.",3 year guarantee and 2 year warranty from Invoice date.
1031,"JUMBO KING SPEED ""J""",JK,"3 year guarantee from Invoice date.<br>
2 year warranty from Invoice date.",3 year guarantee and 2 year warranty from Invoice date.
1032,JUMBO KING SPEED “K”,JK,"3 year guarantee from Invoice date.<br>
2 year warranty from Invoice date.",3 year guarantee and 2 year warranty from Invoice date.
1037,JUMBO SPEED,JK,"3 year guarantee from Invoice date.<br>
2 year warranty from Invoice date.",3 year guarantee and 2 year warranty from Invoice date.
1043,RALLY,JK,"3 year guarantee from Invoice date.<br>
2 year warranty from Invoice date.",3 year guarantee and 2 year warranty from Invoice date.
1047,TORNADO,JK,"3 year guarantee from Invoice date.<br>
2 year warranty from Invoice date.",3 year guarantee and 2 year warranty from Invoice date.
1064,ULTIMA XP,JK,"3 year guarantee from Invoice date.<br>
2 year warranty from Invoice date.",3 year guarantee and 2 year warranty from Invoice date.
1067,GRIPP,Ceat,"2 year guarantee from Invoice date.<br>
3 year warranty from Invoice date.",2 year guarantee and 3 year warranty from Invoice date .
1084,GRIPP F,Ceat,"2 year guarantee from Invoice date.<br>
3 year warranty from Invoice date.",2 year guarantee and 3 year warranty from Invoice date .
1091,GRIPP XL,Ceat,"2 year guarantee from Invoice date.<br>
3 year warranty from Invoice date.",2 year guarantee and 3 year warranty from Invoice date .
1151,MILAZE X3,Ceat,"2 year guarantee from Invoice date.<br>
3 year warranty from Invoice date.",2 year guarantee and 3 year warranty from Invoice date .
1180,SECURA F85,Ceat,"2 year guarantee from Invoice date.<br>
3 year warranty from Invoice date.",2 year guarantee and 3 year warranty from Invoice date .
1190,SECURA NEO,Ceat,"2 year guarantee from Invoice date.<br>
3 year warranty from Invoice date.",2 year guarantee and 3 year warranty from Invoice date .
1201,SECURA SPORT,Ceat,"2 year guarantee from Invoice date.<br>
3 year warranty from Invoice date.",2 year guarantee and 3 year warranty from Invoice date .
1207,SECURA ZOOM F,Ceat,"2 year guarantee from Invoice date.<br>
3 year warranty from Invoice date.",2 year guarantee and 3 year warranty from Invoice date .
1217,SECURA ZOOM X3,Ceat,"2 year guarantee from Invoice date.<br>
3 year warranty from Invoice date.",2 year guarantee and 3 year warranty from Invoice date .
1220,ZOOM D,Ceat,"2 year guarantee from Invoice date.<br>
3 year warranty from Invoice date.",2 year guarantee and 3 year warranty from Invoice date .
1230,ZOOM F,Ceat,"2 year guarantee from Invoice date.<br>
3 year warranty from Invoice date.",2 year guarantee and 3 year warranty from Invoice date .
1239,ZOOM PLUS F,Ceat,"2 year guarantee from Invoice date.<br>
3 year warranty from Invoice date.",2 year guarantee and 3 year warranty from Invoice date .
1249,Zoom Rad,Ceat,"2 year guarantee from Invoice date.<br>
3 year warranty from Invoice date.",2 year guarantee and 3 year warranty from Invoice date .
1257,Zoom Rad X1,Ceat,"2 year guarantee from Invoice date.<br>
3 year warranty from Invoice date.",2 year guarantee and 3 year warranty from Invoice date .
1265,Zoom Rad X1 F,Ceat,"2 year guarantee from Invoice date.<br>
3 year warranty from Invoice date.",2 year guarantee and 3 year warranty from Invoice date .
1273,ZOOM XL,Ceat,"2 year guarantee from Invoice date.<br>
3 year warranty from Invoice date.",2 year guarantee and 3 year warranty from Invoice date .
1281,ZOOM XL F,Ceat,"2 year guarantee from Invoice date.<br>
3 year warranty from Invoice date.",2 year guarantee and 3 year warranty from Invoice date .
1289,SECURA F67,Ceat,"2 year guarantee from Invoice date.<br>
3 year warranty from Invoice date.",2 year guarantee and 3 year warranty from Invoice date .
1292,SECURA M86,Ceat,"2 year guarantee from Invoice date.<br>
3 year warranty from Invoice date.",2 year guarantee and 3 year warranty from Invoice date .
1297,VERTIGO SPORT,Ceat,"2 year guarantee from Invoice date.<br>
3 year warranty from Invoice date.",2 year guarantee and 3 year warranty from Invoice date .
1303,BULAND MILE XL,Ceat,"2 year guarantee from Invoice date.<br>
3 year warranty from Invoice date.",2 year guarantee and 3 year warranty from Invoice date .
1315,BULAND MILE XL RIB,Ceat,"2 year guarantee from Invoice date.<br>
3 year warranty from Invoice date.",2 year guarantee and 3 year warranty from Invoice date .
1326,BULAND MILE XL RIB PRO,Ceat,"2 year guarantee from Invoice date.<br>
3 year warranty from Invoice date.",2 year guarantee and 3 year warranty from Invoice date .
1332,CZAR AT,Ceat,"2 year guarantee from Invoice date.<br>
3 year warranty from Invoice date.",2 year guarantee and 3 year warranty from Invoice date .
1342,CZAR HP,Ceat,"2 year guarantee from Invoice date.<br>
3 year warranty from Invoice date.",2 year guarantee and 3 year warranty from Invoice date .
1351,CZAR SPORT,Ceat,"2 year guarantee from Invoice date.<br>
3 year warranty from Invoice date.",2 year guarantee and 3 year warranty from Invoice date .
1359,FI STEEL BT (FORMULA-I STEEL BT),Ceat,"2 year guarantee from Invoice date.<br>
3 year warranty from Invoice date.",2 year guarantee and 3 year warranty from Invoice date .
1368,FUELSMARRT,Ceat,"2 year guarantee from Invoice date.<br>
3 year warranty from Invoice date.",2 year guarantee and 3 year warranty from Invoice date .
1386,GRIPP LN,Ceat,"2 year guarantee from Invoice date.<br>
3 year warranty from Invoice date.",2 year guarantee and 3 year warranty from Invoice date .
1398,MILAZE (for two wheeler),Ceat,"2 year guarantee from Invoice date.<br>
3 year warranty from Invoice date.",2 year guarantee and 3 year warranty from Invoice date .
1421,MILAZE,Ceat,"2 year guarantee from Invoice date.<br>
3 year warranty from Invoice date.",2 year guarantee and 3 year warranty from Invoice date .
1450,MILAZE LT,Ceat,"2 year guarantee from Invoice date.<br>
3 year warranty from Invoice date.",2 year guarantee and 3 year warranty from Invoice date .
1460,MILAZE HD LT,Ceat,"2 year guarantee from Invoice date.<br>
3 year warranty from Invoice date.",2 year guarantee and 3 year warranty from Invoice date .
1463,MILE XL,Ceat,"2 year guarantee from Invoice date.<br>
3 year warranty from Invoice date.",2 year guarantee and 3 year warranty from Invoice date .
1469,SECURADRIVE,Ceat,"2 year guarantee from Invoice date.<br>
3 year warranty from Invoice date.",2 year guarantee and 3 year warranty from Invoice date .
1480,STEEL PLUS,Ceat,"2 year guarantee from Invoice date.<br>
3 year warranty from Invoice date.",2 year guarantee and 3 year warranty from Invoice date .
1486,ANMOL RIB,Ceat,"2 year guarantee from Invoice date.<br>
3 year warranty from Invoice date.",2 year guarantee and 3 year warranty from Invoice date .
1490,ANMOL SL,Ceat,"2 year guarantee from Invoice date.<br>
3 year warranty from Invoice date.",2 year guarantee and 3 year warranty from Invoice date .
1493,CZAR HT,Ceat,"2 year guarantee from Invoice date.<br>
3 year warranty from Invoice date.",2 year guarantee and 3 year warranty from Invoice date .
1502,RHINO,Ceat,"2 year guarantee from Invoice date.<br>
3 year warranty from Invoice date.",2 year guarantee and 3 year warranty from Invoice date .
1505,HT85,Ceat,"2 year guarantee from Invoice date.<br>
3 year warranty from Invoice date.",2 year guarantee and 3 year warranty from Invoice date .
1508,MAGNUM,Ceat,"2 year guarantee from Invoice date.<br>
3 year warranty from Invoice date.",2 year guarantee and 3 year warranty from Invoice date .
1510,JETRIB,JK,"3 year guarantee from Invoice date.<br>
2 year warranty from Invoice date.",3 year guarantee and 2 year warranty from Invoice date.
1514,BSW CAPTAIN,JK,"3 year guarantee from Invoice date.<br>
2 year warranty from Invoice date.",3 year guarantee and 2 year warranty from Invoice date.
1517,BSW JETDRIVE,JK,"3 year guarantee from Invoice date.<br>
2 year warranty from Invoice date.",3 year guarantee and 2 year warranty from Invoice date.
1520,FLEET KING,JK,"3 year guarantee from Invoice date.<br>
2 year warranty from Invoice date.",3 year guarantee and 2 year warranty from Invoice date.
1525,TRAKTUF,JK,"3 year guarantee from Invoice date.<br>
2 year warranty from Invoice date.",3 year guarantee and 2 year warranty from Invoice date.
1531,JET R MILES,JK,"3 year guarantee from Invoice date.<br>
2 year warranty from Invoice date.",3 year guarantee and 2 year warranty from Invoice date.
1539,JET R XTRAMILES,JK,"3 year guarantee from Invoice date.<br>
2 year warranty from Invoice date.",3 year guarantee and 2 year warranty from Invoice date.
1543,JET TRAK (JTK),JK,"3 year guarantee from Invoice date.<br>
2 year warranty from Invoice date.",3 year guarantee and 2 year warranty from Invoice date.
1549,JET TRAK 39,JK,"3 year guarantee from Invoice date.<br>
2 year warranty from Invoice date.",3 year guarantee and 2 year warranty from Invoice date.
1555,JET XTRA,JK,"3 year guarantee from Invoice date.<br>
2 year warranty from Invoice date.",3 year guarantee and 2 year warranty from Invoice date.
1560,JUH5,JK,"3 year guarantee from Invoice date.<br>
2 year warranty from Invoice date.",3 year guarantee and 2 year warranty from Invoice date.
1563,STEEL KING,JK,"3 year guarantee from Invoice date.<br>
2 year warranty from Invoice date.",3 year guarantee and 2 year warranty from Invoice date.
1567,Jul-03,JK,"3 year guarantee from Invoice date.<br>
2 year warranty from Invoice date.",3 year guarantee and 2 year warranty from Invoice date.
1571,JDH5,JK,"3 year guarantee from Invoice date.<br>
2 year warranty from Invoice date.",3 year guarantee and 2 year warranty from Invoice date.
1577,SONA H/F TRACTOR FRONT,JK,"3 year guarantee from Invoice date.<br>
2 year warranty from Invoice date.",3 year guarantee and 2 year warranty from Invoice date.
1580,SONA H/F TRACTOR REAR,JK,"3 year guarantee from Invoice date.<br>
2 year warranty from Invoice date.",3 year guarantee and 2 year warranty from Invoice date.
1584,SONA-1 TRACTOR FRONT (BIAS),JK,"3 year guarantee from Invoice date.<br>
2 year warranty from Invoice date.",3 year guarantee and 2 year warranty from Invoice date.
1588,SONA 1 TRACTOR REAR,JK,"3 year guarantee from Invoice date.<br>
2 year warranty from Invoice date.",3 year guarantee and 2 year warranty from Invoice date.
1596,SONA/ SONA 5  TRAILER,JK,"3 year guarantee from Invoice date.<br>
2 year warranty from Invoice date.",3 year guarantee and 2 year warranty from Invoice date.
1600,SONA TRACTOR FRONT,JK,"3 year guarantee from Invoice date.<br>
2 year warranty from Invoice date.",3 year guarantee and 2 year warranty from Invoice date.
1604,SONA TRACTOR REAR,JK,"3 year guarantee from Invoice date.<br>
2 year warranty from Invoice date.",3 year guarantee and 2 year warranty from Invoice date.
1608,PRITHVI TRACTOR REAR (BIAS),JK,"3 year guarantee from Invoice date.<br>
2 year warranty from Invoice date.",3 year guarantee and 2 year warranty from Invoice date.
1612,SHRESTH TRACTOR REAR (BIAS),JK,"3 year guarantee from Invoice date.<br>
2 year warranty from Invoice date.",3 year guarantee and 2 year warranty from Invoice date.
1616,AGRIGOLD TRACTOR REAR (RADIAL),JK,"3 year guarantee from Invoice date.<br>
2 year warranty from Invoice date.",3 year guarantee and 2 year warranty from Invoice date.
1622,ADV (ANIMAL DRIVEN VEHICLE),JK,"3 year guarantee from Invoice date.<br>
2 year warranty from Invoice date.",3 year guarantee and 2 year warranty from Invoice date.
1630,MILE XL RIB,Ceat,"2 year guarantee from Invoice date.<br>
3 year warranty from Invoice date.",2 year guarantee and 3 year warranty from Invoice date .
1638,MILE XL PRO,Ceat,"2 year guarantee from Invoice date.<br>
3 year warranty from Invoice date.",2 year guarantee and 3 year warranty from Invoice date .
1641,MILE XL RIB PRO,Ceat,"2 year guarantee from Invoice date.<br>
3 year warranty from Invoice date.",2 year guarantee and 3 year warranty from Invoice date .
1645,LUG PLUS,Ceat,"2 year guarantee from Invoice date.<br>
3 year warranty from Invoice date.",2 year guarantee and 3 year warranty from Invoice date .
1651,LUG XL,Ceat,"2 year guarantee from Invoice date.<br>
3 year warranty from Invoice date.",2 year guarantee and 3 year warranty from Invoice date .
1654,LUG XL PRO,Ceat,"2 year guarantee from Invoice date.<br>
3 year warranty from Invoice date.",2 year guarantee and 3 year warranty from Invoice date .
1658,FM SUPER,Ceat,"2 year guarantee from Invoice date.<br>
3 year warranty from Invoice date.",2 year guarantee and 3 year warranty from Invoice date .
1662,HCL SUPER,Ceat,"2 year guarantee from Invoice date.<br>
3 year warranty from Invoice date.",2 year guarantee and 3 year warranty from Invoice date .
1668,HCL SUPER HL,Ceat,"2 year guarantee from Invoice date.<br>
3 year warranty from Invoice date.",2 year guarantee and 3 year warranty from Invoice date .
1674,RD SUPER,Ceat,"2 year guarantee from Invoice date.<br>
3 year warranty from Invoice date.",2 year guarantee and 3 year warranty from Invoice date .
1677,SUPER DUMPER HD,Ceat,"2 year guarantee from Invoice date.<br>
3 year warranty from Invoice date.",2 year guarantee and 3 year warranty from Invoice date .
1683,TRAC XL,Ceat,"2 year guarantee from Invoice date.<br>
3 year warranty from Invoice date.",2 year guarantee and 3 year warranty from Invoice date .
1689,HYTON TT,Ceat,"2 year guarantee from Invoice date.<br>
3 year warranty from Invoice date.",2 year guarantee and 3 year warranty from Invoice date .
1691,WINMILE-R,Ceat,"2 year guarantee from Invoice date.<br>
3 year warranty from Invoice date.",2 year guarantee and 3 year warranty from Invoice date .
1699,WINMILE-AW,Ceat,"2 year guarantee from Invoice date.<br>
3 year warranty from Invoice date.",2 year guarantee and 3 year warranty from Invoice date .
1705,WINMILE-D,Ceat,"2 year guarantee from Invoice date.<br>
3 year warranty from Invoice date.",2 year guarantee and 3 year warranty from Invoice date .
1711,WINLOAD-D,Ceat,"2 year guarantee from Invoice date.<br>
3 year warranty from Invoice date.",2 year guarantee and 3 year warranty from Invoice date .
1717,WINSUPER-D,Ceat,"2 year guarantee from Invoice date.<br>
3 year warranty from Invoice date.",2 year guarantee and 3 year warranty from Invoice date .
1723,RD416,Ceat,"2 year guarantee from Invoice date.<br>
3 year warranty from Invoice date.",2 year guarantee and 3 year warranty from Invoice date .
1731,BULAND MILE XL PRO,Ceat,"2 year guarantee from Invoice date.<br>
3 year warranty from Invoice date.",2 year guarantee and 3 year warranty from Invoice date .
1739,BULAND LUG XL PRO,Ceat,"2 year guarantee from Invoice date.<br>
3 year warranty from Invoice date.",2 year guarantee and 3 year warranty from Invoice date .
1745,MILAZE REP,Ceat,"2 year guarantee from Invoice date.<br>
3 year warranty from Invoice date.",2 year guarantee and 3 year warranty from Invoice date .
1750,TURBO RIB XM,Ceat,"2 year guarantee from Invoice date.<br>
3 year warranty from Invoice date.",2 year guarantee and 3 year warranty from Invoice date .
1753,AAYUSHMAAN PLUS  [Front],Ceat,"2 year guarantee from Invoice date.<br>
3 year warranty from Invoice date.",2 year guarantee and 3 year warranty from Invoice date .
1759,AAYUSHMAAN PLUS  [Rear],Ceat,"2 year guarantee from Invoice date.<br>
3 year warranty from Invoice date.",2 year guarantee and 3 year warranty from Invoice date .
1767,AAYUSHMAAN  [ Front ],Ceat,"2 year guarantee from Invoice date.<br>
3 year warranty from Invoice date.",2 year guarantee and 3 year warranty from Invoice date .
1768,AAYUSHMAAN  [ Rear ],Ceat,"2 year guarantee from Invoice date.<br>
3 year warranty from Invoice date.",2 year guarantee and 3 year warranty from Invoice date .
1785,AYUSHMAAN HD [ Rear ],Ceat,"2 year guarantee from Invoice date.<br>
3 year warranty from Invoice date.",2 year guarantee and 3 year warranty from Invoice date .
1788,SAMRAAT [ Front ],Ceat,"2 year guarantee from Invoice date.<br>
3 year warranty from Invoice date.",2 year guarantee and 3 year warranty from Invoice date .
1793,SAMRAAT SUPER  [ Rear ],Ceat,"2 year guarantee from Invoice date.<br>
3 year warranty from Invoice date.",2 year guarantee and 3 year warranty from Invoice date .
2034,Bridgestone B290,Bridgestone,5 year warranty from Invoice date.,5 year warranty from Invoice date.
2035,Bridgestone S322,Bridgestone,5 year warranty from Invoice date.,5 year warranty from Invoice date.
2037,Bridgestone ER60,Bridgestone,5 year warranty from Invoice date.,5 year warranty from Invoice date.
2041,Bridgestone S248,Bridgestone,5 year warranty from Invoice date.,5 year warranty from Invoice date.
2043,Bridgestone EP150,Bridgestone,5 year warranty from Invoice date.,5 year warranty from Invoice date.
2046,Bridgestone G3,Bridgestone,5 year warranty from Invoice date.,5 year warranty from Invoice date.
2047,Bridgestone AR20,Bridgestone,5 year warranty from Invoice date.,5 year warranty from Invoice date.
2048,Bridgestone AR90,Bridgestone,5 year warranty from Invoice date.,5 year warranty from Invoice date.
2049,Bridgestone B250,Bridgestone,5 year warranty from Invoice date.,5 year warranty from Invoice date.
2050,Bridgestone L607,Bridgestone,5 year warranty from Invoice date.,5 year warranty from Invoice date.
2051,Bridgestone MY02,Bridgestone,5 year warranty from Invoice date.,5 year warranty from Invoice date.
2052,Bridgestone RE88,Bridgestone,5 year warranty from Invoice date.,5 year warranty from Invoice date.
2053,Bridgestone B800,Bridgestone,5 year warranty from Invoice date.,5 year warranty from Invoice date.
2054,Bridgestone TK01,Bridgestone,5 year warranty from Invoice date.,5 year warranty from Invoice date.
2055,Bridgestone ER300,Bridgestone,5 year warranty from Invoice date.,5 year warranty from Invoice date.
2056,Bridgestone T001,Bridgestone,5 year warranty from Invoice date.,5 year warranty from Invoice date.
2057,Bridgestone D689,Bridgestone,5 year warranty from Invoice date.,5 year warranty from Invoice date.
2058,Bridgestone B390,Bridgestone,5 year warranty from Invoice date.,5 year warranty from Invoice date.
2059,Bridgestone R623,Bridgestone,5 year warranty from Invoice date.,5 year warranty from Invoice date.
2060,Bridgestone D693 II,Bridgestone,5 year warranty from Invoice date.,5 year warranty from Invoice date.
2061,Bridgestone ER370,Bridgestone,5 year warranty from Invoice date.,5 year warranty from Invoice date.
2062,Bridgestone EP850,Bridgestone,5 year warranty from Invoice date.,5 year warranty from Invoice date.
2063,Bridgestone DHP,Bridgestone,5 year warranty from Invoice date.,5 year warranty from Invoice date.
2064,Bridgestone D684,Bridgestone,5 year warranty from Invoice date.,5 year warranty from Invoice date.
2065,Bridgestone D683,Bridgestone,5 year warranty from Invoice date.,5 year warranty from Invoice date.
2066,Bridgestone S001,Bridgestone,5 year warranty from Invoice date.,5 year warranty from Invoice date.
2067,Bridgestone D470Z,Bridgestone,5 year warranty from Invoice date.,5 year warranty from Invoice date.
2068,Bridgestone D840,Bridgestone,5 year warranty from Invoice date.,5 year warranty from Invoice date.
2069,Bridgestone DULER HL33,Bridgestone,5 year warranty from Invoice date.,5 year warranty from Invoice date.
2070,Bridgestone HP SPORT,Bridgestone,5 year warranty from Invoice date.,5 year warranty from Invoice date.
2071,Bridgestone H/L 33,Bridgestone,5 year warranty from Invoice date.,5 year warranty from Invoice date.
2072,Bridgestone T005,Bridgestone,5 year warranty from Invoice date.,5 year warranty from Invoice date.
2073,Bridgestone ALENZA 001,Bridgestone,5 year warranty from Invoice date.,5 year warranty from Invoice date.
2074,Bridgestone RE050,Bridgestone,5 year warranty from Invoice date.,5 year warranty from Invoice date.
2301,ACTIGRIP R4,Apollo,5 years warranty from Invoice date.,5 years warranty from Invoice date.
2302,ACTIGRIP R5,Apollo,5 years warranty from Invoice date.,5 years warranty from Invoice date.
2303,ACTIZIP R5,Apollo,5 years warranty from Invoice date.,5 years warranty from Invoice date.
2304,ACTIGRIP S5,Apollo,5 years warranty from Invoice date.,5 years warranty from Invoice date.
2305,ACTIZIP F5,Apollo,5 years warranty from Invoice date.,5 years warranty from Invoice date.
2306,APTERRA H/P,Apollo,5 years warranty from Invoice date.,5 years warranty from Invoice date.
2638,BLAZE BA23,Cavendish,5 year warranty from Invoice date.,5 year warranty from Invoice date.
2640,BLAZE BA22,Cavendish,5 year warranty from Invoice date.,5 year warranty from Invoice date.
2642,BLAZE BF32,Cavendish,5 year warranty from Invoice date.,5 year warranty from Invoice date.
2643,BLAZE BF33,Cavendish,5 year warranty from Invoice date.,5 year warranty from Invoice date.
2645,BLAZE BR41,Cavendish,5 year warranty from Invoice date.,5 year warranty from Invoice date.
2646,BLAZE BR23,Cavendish,5 year warranty from Invoice date.,5 year warranty from Invoice date.
2647,BLAZE BR32,Cavendish,5 year warranty from Invoice date.,5 year warranty from Invoice date.
2648,BLAZE BR18,Cavendish,5 year warranty from Invoice date.,5 year warranty from Invoice date.
2650,BLAZE BR12,Cavendish,5 year warranty from Invoice date.,5 year warranty from Invoice date.
2651,CHALLENGER F32,Cavendish,5 year warranty from Invoice date.,5 year warranty from Invoice date.
2652,CHALLENGER F83,Cavendish,5 year warranty from Invoice date.,5 year warranty from Invoice date.
2653,CHALLENGER R84,Cavendish,5 year warranty from Invoice date.,5 year warranty from Invoice date.
2654,CHALLENGER R81,Cavendish,5 year warranty from Invoice date.,5 year warranty from Invoice date.
2864,ZCT,MRF,5 year warranty from manufacturing date.,5 year warranty from manufacturing date.
2869,ZTX,MRF,5 year warranty from manufacturing date.,5 year warranty from manufacturing date.
2872,ZCC,MRF,5 year warranty from manufacturing date.,5 year warranty from manufacturing date.
2875,ZV2K,MRF,5 year warranty from manufacturing date.,5 year warranty from manufacturing date.
2891,ZLO,MRF,5 year warranty from manufacturing date.,5 year warranty from manufacturing date.
2907,SW99,MRF,5 year warranty from manufacturing date.,5 year warranty from manufacturing date.
2910,SUPERTREKKER N6,MRF,5 year warranty from manufacturing date.,5 year warranty from manufacturing date.
2912,MASSETER-FX,MRF,5 year warranty from manufacturing date.,5 year warranty from manufacturing date.
2914,REVZ,MRF,5 year warranty from manufacturing date.,5 year warranty from manufacturing date.
2925,ZAPPER KURVE-F,MRF,5 year warranty from manufacturing date.,5 year warranty from manufacturing date.
2928,METEOR,MRF,5 year warranty from manufacturing date.,5 year warranty from manufacturing date.
2931,RIB PLUS,MRF,5 year warranty from manufacturing date.,5 year warranty from manufacturing date.
2934,RIB,MRF,5 year warranty from manufacturing date.,5 year warranty from manufacturing date.
2939,MOTO-D,MRF,5 year warranty from Invoice date.,5 year warranty from Invoice date.
2946,ZQT,MRF,5 year warranty from manufacturing date.,5 year warranty from manufacturing date.
2951,ZEC,MRF,5 year warranty from manufacturing date.,5 year warranty from manufacturing date.
2954,ZVTS,MRF,5 year warranty from manufacturing date.,5 year warranty from manufacturing date.
2967,ZLX,MRF,5 year warranty from manufacturing date.,5 year warranty from manufacturing date.
2982,ZWYDE,MRF,5 year warranty from manufacturing date.,5 year warranty from manufacturing date.
2985,ZVTS A1,MRF,5 year warranty from manufacturing date.,5 year warranty from manufacturing date.
2991,ZVTSM,MRF,5 year warranty from manufacturing date.,5 year warranty from manufacturing date.
2993,ZTX A1,MRF,5 year warranty from manufacturing date.,5 year warranty from manufacturing date.
3007,ZSLK,MRF,5 year warranty from manufacturing date.,5 year warranty from manufacturing date.
3014,ZVTS-F,MRF,5 year warranty from manufacturing date.,5 year warranty from manufacturing date.
3017,ZVTV,MRF,5 year warranty from manufacturing date.,5 year warranty from manufacturing date.
3040,ZSPORT,MRF,5 year warranty from manufacturing date.,5 year warranty from manufacturing date.
3043,PERFINZA CLX1,MRF,5 year warranty from manufacturing date.,5 year warranty from manufacturing date.
3050,PERFINZA CLY1,MRF,5 year warranty from manufacturing date.,5 year warranty from manufacturing date.
3053,ZGP,MRF,5 year warranty from manufacturing date.,5 year warranty from manufacturing date.
3055,ZVT,MRF,5 year warranty from manufacturing date.,5 year warranty from manufacturing date.
3058,ZVRL,MRF,5 year warranty from manufacturing date.,5 year warranty from manufacturing date.
3061,TWINTREAD,MRF,5 year warranty from manufacturing date.,5 year warranty from manufacturing date.
3063,SUPERMILER,MRF,5 year warranty from manufacturing date.,5 year warranty from manufacturing date.
3231,MRF general tyres,MRF,5 year warranty from manufacturing date.,5 year warranty from manufacturing date.
3452,ASSURANCE TRIPLEMAX 2,GOODYEAR,5 year warranty from Invoice date.,5 year warranty from Invoice date.
3512,ULTIMA LXT,JK,"3 year guarantee from Invoice date.<br>
2 year warranty from Invoice date.",3 year guarantee and 2 year warranty from Invoice date.
3550,Cart,General,,
3591,Jaya,TVS,5 years warranty from invoice date.,5 years warranty from invoice date.
3594,BADSHAH,TVS,5 years warranty from invoice date.,5 years warranty from invoice date.
3597,STREET KING,TVS,5 years warranty from invoice date.,5 years warranty from invoice date.
3604,TOOFAN,TVS,5 years warranty from invoice date.,5 years warranty from invoice date.
3605,LUG,TVS,5 years warranty from invoice date.,5 years warranty from invoice date.
3606,JOSH EUROGRIP,TVS,5 years warranty from invoice date.,5 years warranty from invoice date.
3607,CONTA 325,TVS,5 years warranty from invoice date.,5 years warranty from invoice date.
3608,CONTA 250,TVS,5 years warranty from invoice date.,5 years warranty from invoice date.
3609,DRAGON,TVS,5 years warranty from invoice date.,5 years warranty from invoice date.
3615,TOOFAN PLUS,TVS,5 years warranty from invoice date.,5 years warranty from invoice date.
3624,RAKSHA (RSCW STIFFER),TVS,5 years warranty from invoice date.,5 years warranty from invoice date.
3628,CONTA (Concept),TVS,5 years warranty from invoice date.,5 years warranty from invoice date.
3638,DRAGON PRO,TVS,5 years warranty from invoice date.,5 years warranty from invoice date.
3641,CONTA 625,TVS,5 years warranty from invoice date.,5 years warranty from invoice date.
3645,CONTA 625N,TVS,5 years warranty from invoice date.,5 years warranty from invoice date.
3648,CONTA,TVS,5 years warranty from invoice date.,5 years warranty from invoice date.
3650,JUMBO GT,TVS,5 years warranty from invoice date.,5 years warranty from invoice date.
3662,CONTA550,TVS,5 years warranty from invoice date.,5 years warranty from invoice date.
3665,CONTA 350,TVS,5 years warranty from invoice date.,5 years warranty from invoice date.
3668,OLIVIA,TVS,5 years warranty from invoice date.,5 years warranty from invoice date.
3671,SIMHA (RIB),TVS,5 years warranty from invoice date.,5 years warranty from invoice date.
3674,ATT650 JUMBO,TVS,5 years warranty from invoice date.,5 years warranty from invoice date.
3677,STUD,TVS,5 years warranty from invoice date.,5 years warranty from invoice date.
3679,STAR (SN),TVS,5 years warranty from invoice date.,5 years warranty from invoice date.
3681,RIB,TVS,5 years warranty from invoice date.,5 years warranty from invoice date.
3685,RIB PLUS,TVS,5 years warranty from invoice date.,5 years warranty from invoice date.
3688,ATT 525,TVS,5 years warranty from invoice date.,5 years warranty from invoice date.
3696,ATT 450,TVS,5 years warranty from invoice date.,5 years warranty from invoice date.
3701,STARPLUS,TVS,5 years warranty from invoice date.,5 years warranty from invoice date.
3704,RIB  STIFFER,TVS,5 years warranty from invoice date.,5 years warranty from invoice date.
3706,ATT 325,TVS,5 years warranty from invoice date.,5 years warranty from invoice date.
3708,JUMBO,TVS,5 years warranty from invoice date.,5 years warranty from invoice date.
3717,JUMBO TT,TVS,5 years warranty from invoice date.,5 years warranty from invoice date.
3719,ANACONDA DUAL TREAD,TVS,5 years warranty from invoice date.,5 years warranty from invoice date.
3721,ATT455R,TVS,5 years warranty from invoice date.,5 years warranty from invoice date.
3728,ATT1085,TVS,5 years warranty from invoice date.,5 years warranty from invoice date.
3732,ATT240F ARAS,TVS,5 years warranty from invoice date.,5 years warranty from invoice date.
3736,SPORTORQ,TVS,5 years warranty from invoice date.,5 years warranty from invoice date.
3739,PANCER POLYX,TVS,5 years warranty from invoice date.,5 years warranty from invoice date.
3745,ATT230F,TVS,5 years warranty from invoice date.,5 years warranty from invoice date.
3748,ATT 175,TVS,5 years warranty from invoice date.,5 years warranty from invoice date.
3751,ATT 250E,TVS,5 years warranty from invoice date.,5 years warranty from invoice date.
3753,SN SC79,TVS,5 years warranty from invoice date.,5 years warranty from invoice date.
4157,NGRIP FE,MRF,5 year warranty from manufacturing date.,5 year warranty from manufacturing date.
4158,MGP MET-M,MRF,5 year warranty from manufacturing date.,5 year warranty from manufacturing date.
4159,NGP ZFG,MRF,5 year warranty from manufacturing date.,5 year warranty from manufacturing date.
4160,NYLOGRIPPLUS N4,MRF,5 year warranty from manufacturing date.,5 year warranty from manufacturing date.
4161,NGRIP ZPR NAL N4,MRF,5 year warranty from manufacturing date.,5 year warranty from manufacturing date.
4162,NYLOGRIP N4,MRF,5 year warranty from manufacturing date.,5 year warranty from manufacturing date.
4163,NYLOGRIP(NGE) N4,MRF,5 year warranty from manufacturing date.,5 year warranty from manufacturing date.
4164,NYLOGRIP001 N4,MRF,5 year warranty from manufacturing date.,5 year warranty from manufacturing date.
4168,NGP ZPR N4,MRF,5 year warranty from manufacturing date.,5 year warranty from manufacturing date.
4170,ZPR N4,MRF,5 year warranty from manufacturing date.,5 year warranty from manufacturing date.
4171,NGRIP ZFM,MRF,5 year warranty from manufacturing date.,5 year warranty from manufacturing date.
4172,NGRIP ZYM,MRF,5 year warranty from manufacturing date.,5 year warranty from manufacturing date.
4173,NGP ST PLUS,MRF,5 year warranty from manufacturing date.,5 year warranty from manufacturing date.
4174,NYLOGRIP ZFS,MRF,5 year warranty from manufacturing date.,5 year warranty from manufacturing date.
4175,NGRIP ZRC N6,MRF,5 year warranty from manufacturing date.,5 year warranty from manufacturing date.
4176,NGRIP ZRY  N6,MRF,5 year warranty from manufacturing date.,5 year warranty from manufacturing date.
4177,ZFYM,MRF,5 year warranty from manufacturing date.,5 year warranty from manufacturing date.
4178,NGP ZFX-1,MRF,5 year warranty from manufacturing date.,5 year warranty from manufacturing date.
4179,NGP ZRQ,MRF,5 year warranty from manufacturing date.,5 year warranty from manufacturing date.
4181,ZRC,MRF,5 year warranty from manufacturing date.,5 year warranty from manufacturing date.
4182,MSR-X (2),MRF,5 year warranty from invoice date.,5 year warranty from invoice date.
4183,MSR-X,MRF,5 year warranty from invoice date.,5 year warranty from invoice date.
4186,NGP ZRY N6,MRF,5 year warranty from manufacturing date.,5 year warranty from manufacturing date.
4187,NYLOGRIP ZPR-C N6,MRF,5 year warranty from manufacturing date.,5 year warranty from manufacturing date.
4188,NYLOGRIPZAPPER N6,MRF,5 year warranty from manufacturing date.,5 year warranty from manufacturing date.
4189,NGP ZFS,MRF,5 year warranty from manufacturing date.,5 year warranty from manufacturing date.
4190,NGP ZYM,MRF,5 year warranty from invoice date.,5 year warranty from invoice date.
4191,NGP ZFQ,MRF,5 year warranty from manufacturing date.,5 year warranty from manufacturing date.
4192,ZRS,MRF,5 year warranty from manufacturing date.,5 year warranty from manufacturing date.
4193,NGP ZFX,MRF,5 year warranty from manufacturing date.,5 year warranty from manufacturing date.
4195,NGP PLUS-V2 N6,MRF,5 year warranty from manufacturing date.,5 year warranty from manufacturing date.
4196,NGP PLUS-V2,MRF,5 year warranty from manufacturing date.,5 year warranty from manufacturing date.
4197,ZRC-B,MRF,5 year warranty from manufacturing date.,5 year warranty from manufacturing date.
4199,NGP ZFS,MRF,5 year warranty from manufacturing date.,5 year warranty from manufacturing date.
4200,MSR-FX,MRF,5 year warranty from manufacturing date.,5 year warranty from manufacturing date.
4201,MASSETER-X,MRF,5 year warranty from manufacturing date.,5 year warranty from manufacturing date.
4203,REVZ-C,MRF,5 year warranty from manufacturing date.,5 year warranty from manufacturing date.
4229,RAHINO TQ,Ceat,"2 year guarantee from Invoice date.<br>
3 year warranty from Invoice date.",5 year warranty from manufacturing date.
4234,CZAR H/T,Ceat,"2 year guarantee from Invoice date.<br>
3 year warranty from Invoice date.",5 year warranty from manufacturing date.
4261,GRIPP X3,Ceat,"2 year guarantee from Invoice date.<br>
3 year warranty from Invoice date.",5 year warranty from manufacturing date.
4266,SECURE SPORT,Ceat,"2 year guarantee from Invoice date.<br>
3 year warranty from Invoice date.",5 year warranty from manufacturing date.
4277,ZOOM FRONT,Ceat,"2 year guarantee from Invoice date.<br>
3 year warranty from Invoice date.",5 year warranty from manufacturing date.
4279,ZOOM REAR,Ceat,"2 year guarantee from Invoice date.<br>
3 year warranty from Invoice date.",2 year guarantee and 3 year warranty from Invoice date .
4286,ZOOM,Ceat,"2 year guarantee from Invoice date.<br>
3 year warranty from Invoice date.",2 year guarantee and 3 year warranty from Invoice date .
4292,ZOOM PLUS,Ceat,"2 year guarantee from Invoice date.<br>
3 year warranty from Invoice date.",2 year guarantee and 3 year warranty from Invoice date .
4296,VERTIGO RAGE,Ceat,"2 year guarantee from Invoice date.<br>
3 year warranty from Invoice date.",2 year guarantee and 3 year warranty from Invoice date .
4303,SECURA SPORT POLYESTER,Ceat,"2 year guarantee from Invoice date.<br>
3 year warranty from Invoice date.",2 year guarantee and 3 year warranty from Invoice date .
4306,SECURA F85 +,Ceat,"2 year guarantee from Invoice date.<br>
3 year warranty from Invoice date.",2 year guarantee and 3 year warranty from Invoice date .
4308,SECURA ZOOM,Ceat,"2 year guarantee from Invoice date.<br>
3 year warranty from Invoice date.",2 year guarantee and 3 year warranty from Invoice date .
4312,ZOOM PLUS X3,Ceat,"2 year guarantee from Invoice date.<br>
3 year warranty from Invoice date.",2 year guarantee and 3 year warranty from Invoice date .
4317,MATERO-M,Ceat,"2 year guarantee from Invoice date.<br>
3 year warranty from Invoice date.",2 year guarantee and 3 year warranty from Invoice date .
4320,ANMOL XL,Ceat,"2 year guarantee from Invoice date.<br>
3 year warranty from Invoice date.",2 year guarantee and 3 year warranty from Invoice date .
4326,BULAND MILE XL SL,Ceat,"2 year guarantee from Invoice date.<br>
3 year warranty from Invoice date.",2 year guarantee and 3 year warranty from Invoice date .
4328,ANMOL LUG,Ceat,"2 year guarantee from Invoice date.<br>
3 year warranty from Invoice date.",2 year guarantee and 3 year warranty from Invoice date .
4330,AUTO MILER,MRF,5 year warranty from manufacturing date.,5 year warranty from manufacturing date.
4332,SAVARI,MRF,5 year warranty from manufacturing date.,5 year warranty from manufacturing date.
4335,SAVARI TREK,MRF,5 year warranty from manufacturing date.,5 year warranty from manufacturing date.
4337,SAVARI LUG N8,MRF,5 year warranty from manufacturing date.,5 year warranty from manufacturing date.
4339,SECURE M72,Ceat,"2 year guarantee from Invoice date.<br>
3 year warranty from Invoice date.",2 year guarantee and 3 year warranty from Invoice date .
4342,SECURA M86 POLYESTER,Ceat,"2 year guarantee from Invoice date.<br>
3 year warranty from Invoice date.",2 year guarantee and 3 year warranty from Invoice date .
4468,MRF General car tyre,MRF,5 year warranty from manufacturing date.,5 year warranty from manufacturing date.
5082,test-product,Apollo,5 years warranty from Invoice date.,5 years warranty from Invoice date.
